REGION	POS	REF	ALT	REF_DP	REF_RV	REF_QUAL	ALT_DP	ALT_RV	ALT_QUAL	ALT_FREQ	TOTAL_DP	PVAL	PASS	GFF_FEATURE	REF_CODON	REF_AA	ALT_CODON	ALT_AA
MN908947.3	913	C	T	171	0	93	138548	0	93	0.982046	141081	0	TRUE	NA	NA	NA	NA	NA
MN908947.3	3267	C	T	203	0	93	140698	0	93	0.997321	141076	0	TRUE	NA	NA	NA	NA	NA
MN908947.3	5388	C	A	142	0	93	139962	0	93	0.992272	141052	0	TRUE	NA	NA	NA	NA	NA
MN908947.3	5986	C	T	187	0	93	140045	0	93	0.993509	140960	0	TRUE	NA	NA	NA	NA	NA
MN908947.3	6954	T	C	284	0	93	138381	0	93	0.981906	140931	0	TRUE	NA	NA	NA	NA	NA
MN908947.3	14676	C	T	135	0	93	140737	0	93	0.997611	141074	0	TRUE	NA	NA	NA	NA	NA
MN908947.3	15279	C	T	168	0	93	140560	0	93	0.996477	141057	0	TRUE	NA	NA	NA	NA	NA
MN908947.3	16176	T	C	114	0	93	140928	0	93	0.998632	141121	0	TRUE	NA	NA	NA	NA	NA
MN908947.3	23063	A	T	136	0	93	138966	0	93	0.985218	141051	0	TRUE	NA	NA	NA	NA	NA
MN908947.3	23271	C	A	125	0	93	140822	0	93	0.997973	141108	0	TRUE	NA	NA	NA	NA	NA
MN908947.3	23604	C	A	134	0	93	140595	0	93	0.99676	141052	0	TRUE	NA	NA	NA	NA	NA
MN908947.3	23709	C	T	132	0	93	140697	0	93	0.997547	141043	0	TRUE	NA	NA	NA	NA	NA
MN908947.3	24506	T	G	110	0	93	140806	0	93	0.998235	141055	0	TRUE	NA	NA	NA	NA	NA
MN908947.3	24914	G	C	171	0	93	140646	0	93	0.996987	141071	0	TRUE	NA	NA	NA	NA	NA
MN908947.3	27972	C	T	170	0	93	138965	0	93	0.985952	140945	0	TRUE	NA	NA	NA	NA	NA
MN908947.3	28048	G	T	378	0	93	138661	0	93	0.983795	140945	0	TRUE	NA	NA	NA	NA	NA
MN908947.3	28111	A	G	133	0	93	140388	0	93	0.994968	141098	0	TRUE	NA	NA	NA	NA	NA
MN908947.3	28977	C	T	129	0	93	140027	0	93	0.993247	140979	0	TRUE	NA	NA	NA	NA	NA
