REGION	POS	REF	ALT	REF_DP	REF_RV	REF_QUAL	ALT_DP	ALT_RV	ALT_QUAL	ALT_FREQ	TOTAL_DP	PVAL	PASS	GFF_FEATURE	REF_CODON	REF_AA	ALT_CODON	ALT_AA
MN908947.3	913	C	T	28	0	93	56483	0	93	0.984042	57399	0	TRUE	NA	NA	NA	NA	NA
MN908947.3	3267	C	T	31	0	93	57303	0	93	0.998345	57398	0	TRUE	NA	NA	NA	NA	NA
MN908947.3	5388	C	A	20	0	93	56631	0	93	0.986672	57396	0	TRUE	NA	NA	NA	NA	NA
MN908947.3	5986	C	T	28	0	93	57185	0	93	0.996341	57395	0	TRUE	NA	NA	NA	NA	NA
MN908947.3	6954	T	C	60	0	93	56508	0	93	0.98482	57379	0	TRUE	NA	NA	NA	NA	NA
MN908947.3	14676	C	T	22	0	93	57303	0	93	0.998414	57394	0	TRUE	NA	NA	NA	NA	NA
MN908947.3	15279	C	T	24	0	93	57240	0	93	0.997317	57394	0	TRUE	NA	NA	NA	NA	NA
MN908947.3	16176	T	C	21	0	93	57341	0	93	0.998955	57401	0	TRUE	NA	NA	NA	NA	NA
MN908947.3	23063	A	T	8	0	93	56788	0	93	0.989476	57392	0	TRUE	NA	NA	NA	NA	NA
MN908947.3	23271	C	A	15	0	93	57347	0	93	0.999094	57399	0	TRUE	NA	NA	NA	NA	NA
MN908947.3	23604	C	A	10	0	93	57294	0	93	0.99824	57395	0	TRUE	NA	NA	NA	NA	NA
MN908947.3	23709	C	T	10	0	93	57317	0	93	0.998641	57395	0	TRUE	NA	NA	NA	NA	NA
MN908947.3	24506	T	G	17	0	93	57316	0	93	0.998658	57393	0	TRUE	NA	NA	NA	NA	NA
MN908947.3	24914	G	C	24	0	93	57304	0	93	0.998345	57399	0	TRUE	NA	NA	NA	NA	NA
MN908947.3	27972	C	T	27	0	93	56470	0	93	0.983935	57392	0	TRUE	NA	NA	NA	NA	NA
MN908947.3	28048	G	T	86	0	93	56399	0	93	0.982681	57393	0	TRUE	NA	NA	NA	NA	NA
MN908947.3	28111	A	G	22	0	93	57165	0	93	0.995941	57398	0	TRUE	NA	NA	NA	NA	NA
MN908947.3	28977	C	T	30	0	93	57050	0	93	0.994526	57364	0	TRUE	NA	NA	NA	NA	NA
