REGION	POS	REF	ALT	REF_DP	REF_RV	REF_QUAL	ALT_DP	ALT_RV	ALT_QUAL	ALT_FREQ	TOTAL_DP	PVAL	PASS	GFF_FEATURE	REF_CODON	REF_AA	ALT_CODON	ALT_AA
MN908947.3	1059	C	T	3	0	93	2948	0	93	0.997631	2955	0	TRUE	NA	NA	NA	NA	NA
MN908947.3	5230	G	T	8	0	93	2888	0	93	0.97832	2952	0	TRUE	NA	NA	NA	NA	NA
MN908947.3	10323	A	G	9	0	93	2945	0	93	0.995605	2958	0	TRUE	NA	NA	NA	NA	NA
MN908947.3	21614	C	T	1554	0	93	1320	0	93	0.44837	2944	0	TRUE	NA	NA	NA	NA	NA
MN908947.3	21801	A	C	18	0	93	2932	0	93	0.991545	2957	0	TRUE	NA	NA	NA	NA	NA
MN908947.3	22206	A	G	160	0	93	2768	0	93	0.937987	2951	0	TRUE	NA	NA	NA	NA	NA
MN908947.3	22287	T	N	135	0	93	151	0	93	0.526132	287	1.1035e-179	TRUE	NA	NA	NA	NA	NA
MN908947.3	22813	G	T	76	0	93	2840	0	93	0.959784	2959	0	TRUE	NA	NA	NA	NA	NA
MN908947.3	23012	G	A	12	0	93	2722	0	93	0.924278	2945	0	TRUE	NA	NA	NA	NA	NA
MN908947.3	23063	A	T	19	0	93	2709	0	93	0.919864	2945	0	TRUE	NA	NA	NA	NA	NA
MN908947.3	23664	C	T	5	0	93	2938	0	93	0.994584	2954	0	TRUE	NA	NA	NA	NA	NA
MN908947.3	25563	G	T	6	0	93	2921	0	93	0.987492	2958	0	TRUE	NA	NA	NA	NA	NA
MN908947.3	25904	C	T	116	0	93	2701	0	93	0.918395	2941	0	TRUE	NA	NA	NA	NA	NA
MN908947.3	26456	C	T	5	0	93	2930	0	93	0.993894	2948	0	TRUE	NA	NA	NA	NA	NA
MN908947.3	28887	C	T	11	0	93	2869	0	93	0.969257	2960	0	TRUE	NA	NA	NA	NA	NA
