REGION	POS	REF	ALT	REF_DP	REF_RV	REF_QUAL	ALT_DP	ALT_RV	ALT_QUAL	ALT_FREQ	TOTAL_DP	PVAL	PASS	GFF_FEATURE	REF_CODON	REF_AA	ALT_CODON	ALT_AA
MN908947.3	1059	C	T	2	0	93	1107	0	93	0.997297	1110	0	TRUE	NA	NA	NA	NA	NA
MN908947.3	5230	G	T	3	0	93	1081	0	93	0.973874	1110	0	TRUE	NA	NA	NA	NA	NA
MN908947.3	10323	A	G	5	0	93	1107	0	93	0.995504	1112	0	TRUE	NA	NA	NA	NA	NA
MN908947.3	21614	C	T	664	0	93	395	0	93	0.358439	1102	3.15759e-143	TRUE	NA	NA	NA	NA	NA
MN908947.3	21801	A	C	13	0	93	1099	0	93	0.988309	1112	0	TRUE	NA	NA	NA	NA	NA
MN908947.3	22206	A	G	103	0	93	996	0	93	0.900542	1106	0	TRUE	NA	NA	NA	NA	NA
MN908947.3	22287	T	N	19	0	93	70	0	93	0.777778	90	4.34773e-96	TRUE	NA	NA	NA	NA	NA
MN908947.3	22813	G	T	58	0	93	1051	0	93	0.944295	1113	0	TRUE	NA	NA	NA	NA	NA
MN908947.3	23012	G	A	2	0	93	1000	0	93	0.905797	1104	0	TRUE	NA	NA	NA	NA	NA
MN908947.3	23063	A	T	6	0	93	995	0	93	0.901268	1104	0	TRUE	NA	NA	NA	NA	NA
MN908947.3	23664	C	T	0	0	0	1103	0	93	0.995487	1108	0	TRUE	NA	NA	NA	NA	NA
MN908947.3	25563	G	T	2	0	93	1110	0	93	0.997305	1113	0	TRUE	NA	NA	NA	NA	NA
MN908947.3	25904	C	T	84	0	93	939	0	93	0.853636	1100	0	TRUE	NA	NA	NA	NA	NA
MN908947.3	26456	C	T	3	0	93	1092	0	93	0.991826	1101	0	TRUE	NA	NA	NA	NA	NA
MN908947.3	28887	C	T	6	0	93	1087	0	93	0.975763	1114	0	TRUE	NA	NA	NA	NA	NA
