REGION	POS	REF	ALT	REF_DP	REF_RV	REF_QUAL	ALT_DP	ALT_RV	ALT_QUAL	ALT_FREQ	TOTAL_DP	PVAL	PASS	GFF_FEATURE	REF_CODON	REF_AA	ALT_CODON	ALT_AA
MN908947.3	913	C	T	91	0	93	112268	0	93	0.992494	113117	0	TRUE	cds-QHD43415.1	TCC	S	TCT	S
MN908947.3	3267	C	T	135	0	93	112963	0	93	0.998639	113117	0	TRUE	cds-QHD43415.1	ACT	T	ATT	I
MN908947.3	5388	C	A	85	0	93	112996	0	93	0.99893	113117	0	TRUE	cds-QHD43415.1	GCT	A	GAT	D
MN908947.3	5986	C	T	98	0	93	112984	0	93	0.998824	113117	0	TRUE	cds-QHD43415.1	TTC	F	TTT	F
MN908947.3	6954	T	C	202	0	93	112898	0	93	0.998064	113117	0	TRUE	cds-QHD43415.1	ATA	I	ACA	T
MN908947.3	14676	C	T	47	0	93	113060	0	93	0.999496	113117	0	TRUE	cds-QHD43415.1	CCC	P	CCT	P
MN908947.3	15279	C	T	80	0	93	113023	0	93	0.999178	113116	0	TRUE	cds-QHD43415.1	CAC	H	CAT	H
MN908947.3	16176	T	C	75	0	93	113028	0	93	0.999213	113117	0	TRUE	cds-QHD43415.1	ACT	T	ACC	T
MN908947.3	21991	T	N	699	0	93	357	0	93	0.338068	1056	0	TRUE	cds-QHD43416.1	GTT	V	GTN	X
MN908947.3	23063	A	T	54	0	93	113031	0	93	0.99924	113117	0	TRUE	cds-QHD43416.1	AAT	N	TAT	Y
MN908947.3	23271	C	A	71	0	93	113039	0	93	0.99931	113117	0	TRUE	cds-QHD43416.1	GCT	A	GAT	D
MN908947.3	23604	C	A	75	0	93	112938	0	93	0.998418	113117	0	TRUE	cds-QHD43416.1	CCT	P	CAT	H
MN908947.3	23709	C	T	68	0	93	113030	0	93	0.999231	113117	0	TRUE	cds-QHD43416.1	ACA	T	ATA	I
MN908947.3	24506	T	G	62	0	93	113047	0	93	0.999381	113117	0	TRUE	cds-QHD43416.1	TCA	S	GCA	A
MN908947.3	24914	G	C	69	0	93	112951	0	93	0.998532	113117	0	TRUE	cds-QHD43416.1	GAC	D	CAC	H
MN908947.3	27972	C	T	109	0	93	112978	0	93	0.998842	113109	0	TRUE	cds-QHD43422.1	CAA	Q	TAA	*
MN908947.3	28048	G	T	169	0	93	112923	0	93	0.998364	113108	0	TRUE	cds-QHD43422.1	AGA	R	ATA	I
MN908947.3	28111	A	G	75	0	93	113015	0	93	0.999169	113109	0	TRUE	cds-QHD43422.1	TAC	Y	TGC	C
MN908947.3	28280	G	C	372	0	93	112030	0	93	0.99039	113117	0	TRUE	cds-QHD43423.2	GAT	D	CAT	H
MN908947.3	28977	C	T	57	0	93	112984	0	93	0.999239	113070	0	TRUE	cds-QHD43423.2	TCT	S	TTT	F
