REGION	POS	REF	ALT	REF_DP	REF_RV	REF_QUAL	ALT_DP	ALT_RV	ALT_QUAL	ALT_FREQ	TOTAL_DP	PVAL	PASS	GFF_FEATURE	REF_CODON	REF_AA	ALT_CODON	ALT_AA
MN908947.3	1059	C	T	0	0	0	615	0	93	0.996759	617	0	TRUE	cds-QHD43415.1	ACC	T	ATC	I
MN908947.3	5230	G	T	2	0	93	615	0	93	0.996759	617	0	TRUE	cds-QHD43415.1	AAG	K	AAT	N
MN908947.3	10323	A	G	1	0	93	614	0	93	0.995138	617	0	TRUE	cds-QHD43415.1	AAG	K	AGG	R
MN908947.3	21614	C	T	349	0	93	267	0	93	0.432739	617	2.76955e-97	TRUE	cds-QHD43416.1	CTT	L	TTT	F
MN908947.3	21801	A	C	1	0	93	616	0	93	0.998379	617	0	TRUE	cds-QHD43416.1	GAT	D	GCT	A
MN908947.3	22206	A	G	25	0	93	592	0	93	0.959481	617	0	TRUE	cds-QHD43416.1	GAT	D	GGT	G
MN908947.3	22813	G	T	3	0	93	586	0	93	0.949757	617	0	TRUE	cds-QHD43416.1	AAG	K	AAT	N
MN908947.3	23012	G	A	6	0	93	608	0	93	0.985413	617	0	TRUE	cds-QHD43416.1	GAA	E	AAA	K
MN908947.3	23063	A	T	0	0	0	611	0	93	0.990276	617	0	TRUE	cds-QHD43416.1	AAT	N	TAT	Y
MN908947.3	23664	C	T	1	0	93	615	0	93	0.996759	617	0	TRUE	cds-QHD43416.1	GCA	A	GTA	V
MN908947.3	25563	G	T	2	0	93	611	0	93	0.990276	617	0	TRUE	cds-QHD43417.1	CAG	Q	CAT	H
MN908947.3	25904	C	T	16	0	93	586	0	93	0.949757	617	0	TRUE	cds-QHD43417.1	TCA	S	TTA	L
MN908947.3	26456	C	T	1	0	93	616	0	93	0.998379	617	0	TRUE	cds-QHD43418.1	CCT	P	CTT	L
MN908947.3	28887	C	T	0	0	0	617	0	93	1	617	0	TRUE	cds-QHD43423.2	ACT	T	ATT	I
