REGION	POS	REF	ALT	REF_DP	REF_RV	REF_QUAL	ALT_DP	ALT_RV	ALT_QUAL	ALT_FREQ	TOTAL_DP	PVAL	PASS	GFF_FEATURE	REF_CODON	REF_AA	ALT_CODON	ALT_AA
MN908947.3	733	T	C	0	0	0	450	0	93	1	450	8.89889e-270	TRUE	cds-QHD43415.1	GAT	D	GAC	D
MN908947.3	2749	C	T	1	0	93	449	0	93	0.997778	450	4.0045e-267	TRUE	cds-QHD43415.1	GAC	D	GAT	D
MN908947.3	3828	C	T	6	0	93	441	0	93	0.98	450	8.48766e-256	TRUE	cds-QHD43415.1	TCA	S	TTA	L
MN908947.3	5648	A	C	0	0	0	449	0	93	0.997778	450	1.7778e-269	TRUE	cds-QHD43415.1	AAA	K	CAA	Q
MN908947.3	12778	C	T	8	0	93	442	0	93	0.982222	450	3.94811e-253	TRUE	cds-QHD43415.1	TAC	Y	TAT	Y
MN908947.3	13860	C	T	0	0	0	449	0	93	0.997778	450	1.7778e-269	TRUE	cds-QHD43415.1	GAC	D	GAT	D
MN908947.3	17259	G	T	1	0	93	449	0	93	0.997778	450	4.0045e-267	TRUE	cds-QHD43415.1	GAG	E	GAT	D
MN908947.3	21614	C	T	0	0	0	450	0	93	1	450	8.89889e-270	TRUE	cds-QHD43416.1	CTT	L	TTT	F
MN908947.3	21621	C	A	1	0	93	449	0	93	0.997778	450	4.0045e-267	TRUE	cds-QHD43416.1	ACC	T	AAC	N
MN908947.3	21638	C	T	1	0	93	448	0	93	0.995556	450	8.0001e-267	TRUE	cds-QHD43416.1	CCT	P	TCT	S
MN908947.3	21974	G	T	3	0	93	447	0	93	0.993333	450	1.36054e-262	TRUE	cds-QHD43416.1	GAT	D	TAT	Y
MN908947.3	22132	G	T	12	0	93	436	0	93	0.968889	450	5.91952e-246	TRUE	cds-QHD43416.1	AGG	R	AGT	S
MN908947.3	22812	A	C	2	0	93	448	0	93	0.995556	450	9.03015e-265	TRUE	cds-QHD43416.1	AAG	K	ACG	T
MN908947.3	23012	G	A	0	0	0	450	0	93	1	450	8.89889e-270	TRUE	cds-QHD43416.1	GAA	E	AAA	K
MN908947.3	23063	A	T	2	0	93	448	0	93	0.995556	450	9.03015e-265	TRUE	cds-QHD43416.1	AAT	N	TAT	Y
MN908947.3	23525	C	T	0	0	0	450	0	93	1	450	8.89889e-270	TRUE	cds-QHD43416.1	CAT	H	TAT	Y
MN908947.3	24642	C	T	2	0	93	448	0	93	0.995556	450	9.03015e-265	TRUE	cds-QHD43416.1	ACT	T	ATT	I
MN908947.3	26149	T	C	9	0	93	440	0	93	0.979955	449	4.01383e-251	TRUE	cds-QHD43417.1	TCC	S	CCC	P
MN908947.3	28167	G	A	1	0	93	448	0	93	0.997773	449	1.59646e-266	TRUE	cds-QHD43422.1	GAA	E	AAA	K
MN908947.3	28512	C	G	14	0	93	436	0	93	0.968889	450	1.74125e-243	TRUE	cds-QHD43423.2	CCA	P	CGA	R
MN908947.3	28877	A	T	3	0	93	445	0	93	0.991091	449	5.43612e-262	TRUE	cds-QHD43423.2	AGT	S	TGT	C
