REGION	POS	REF	ALT	REF_DP	REF_RV	REF_QUAL	ALT_DP	ALT_RV	ALT_QUAL	ALT_FREQ	TOTAL_DP	PVAL	PASS	GFF_FEATURE	REF_CODON	REF_AA	ALT_CODON	ALT_AA
MN908947.3	733	T	C	0	0	0	613	0	93	0.996748	615	0	TRUE	NA	NA	NA	NA	NA
MN908947.3	2749	C	T	3	0	93	578	0	93	0.94599	611	0	TRUE	NA	NA	NA	NA	NA
MN908947.3	3828	C	T	6	0	93	600	0	93	0.977199	614	0	TRUE	NA	NA	NA	NA	NA
MN908947.3	5648	A	C	1	0	93	611	0	93	0.995114	614	0	TRUE	NA	NA	NA	NA	NA
MN908947.3	12778	C	T	11	0	93	601	0	93	0.978827	614	0	TRUE	NA	NA	NA	NA	NA
MN908947.3	13860	C	T	1	0	93	608	0	93	0.990228	614	0	TRUE	NA	NA	NA	NA	NA
MN908947.3	17259	G	T	1	0	93	614	0	93	0.998374	615	0	TRUE	NA	NA	NA	NA	NA
MN908947.3	21614	C	T	1	0	93	611	0	93	0.993496	615	0	TRUE	NA	NA	NA	NA	NA
MN908947.3	21621	C	A	2	0	93	609	0	93	0.990244	615	0	TRUE	NA	NA	NA	NA	NA
MN908947.3	21638	C	T	3	0	93	604	0	93	0.982114	615	0	TRUE	NA	NA	NA	NA	NA
MN908947.3	21974	G	T	4	0	93	605	0	93	0.98374	615	0	TRUE	NA	NA	NA	NA	NA
MN908947.3	22132	G	T	17	0	93	566	0	93	0.92635	611	0	TRUE	NA	NA	NA	NA	NA
MN908947.3	22812	A	C	6	0	93	603	0	93	0.980488	615	0	TRUE	NA	NA	NA	NA	NA
MN908947.3	23012	G	A	1	0	93	548	0	93	0.892508	614	0	TRUE	NA	NA	NA	NA	NA
MN908947.3	23063	A	T	3	0	93	547	0	93	0.890879	614	0	TRUE	NA	NA	NA	NA	NA
MN908947.3	23525	C	T	0	0	0	611	0	93	0.995114	614	0	TRUE	NA	NA	NA	NA	NA
MN908947.3	24642	C	T	2	0	93	609	0	93	0.993475	613	0	TRUE	NA	NA	NA	NA	NA
MN908947.3	26149	T	C	10	0	93	599	0	93	0.978758	612	0	TRUE	NA	NA	NA	NA	NA
MN908947.3	28167	G	A	6	0	93	586	0	93	0.954397	614	0	TRUE	NA	NA	NA	NA	NA
MN908947.3	28512	C	G	8	0	93	603	0	93	0.982085	614	0	TRUE	NA	NA	NA	NA	NA
