REGION	POS	REF	ALT	REF_DP	REF_RV	REF_QUAL	ALT_DP	ALT_RV	ALT_QUAL	ALT_FREQ	TOTAL_DP	PVAL	PASS	GFF_FEATURE	REF_CODON	REF_AA	ALT_CODON	ALT_AA
MN908947.3	733	T	C	0	0	0	94	0	93	1	94	8.77217e-56	TRUE	NA	NA	NA	NA	NA
MN908947.3	2749	C	T	0	0	0	93	0	93	0.989362	94	1.7451e-55	TRUE	NA	NA	NA	NA	NA
MN908947.3	3828	C	T	1	0	93	93	0	93	0.989362	94	8.24584e-54	TRUE	NA	NA	NA	NA	NA
MN908947.3	5648	A	C	0	0	0	94	0	93	1	94	8.77217e-56	TRUE	NA	NA	NA	NA	NA
MN908947.3	12778	C	T	0	0	0	93	0	93	0.989362	94	1.7451e-55	TRUE	NA	NA	NA	NA	NA
MN908947.3	13860	C	T	0	0	0	93	0	93	0.989362	94	1.7451e-55	TRUE	NA	NA	NA	NA	NA
MN908947.3	17259	G	T	0	0	0	94	0	93	1	94	8.77217e-56	TRUE	NA	NA	NA	NA	NA
MN908947.3	21614	C	T	0	0	0	94	0	93	1	94	8.77217e-56	TRUE	NA	NA	NA	NA	NA
MN908947.3	21621	C	A	0	0	0	94	0	93	1	94	8.77217e-56	TRUE	NA	NA	NA	NA	NA
MN908947.3	21638	C	T	0	0	0	94	0	93	1	94	8.77217e-56	TRUE	NA	NA	NA	NA	NA
MN908947.3	21974	G	T	0	0	0	94	0	93	1	94	8.77217e-56	TRUE	NA	NA	NA	NA	NA
MN908947.3	22132	G	T	2	0	93	90	0	93	0.957447	94	1.55838e-51	TRUE	NA	NA	NA	NA	NA
MN908947.3	22812	A	C	0	0	0	94	0	93	1	94	8.77217e-56	TRUE	NA	NA	NA	NA	NA
MN908947.3	23012	G	A	0	0	0	89	0	93	0.946809	94	2.88549e-54	TRUE	NA	NA	NA	NA	NA
MN908947.3	23063	A	T	0	0	0	89	0	93	0.946809	94	2.88549e-54	TRUE	NA	NA	NA	NA	NA
MN908947.3	23525	C	T	0	0	0	93	0	93	0.989362	94	1.7451e-55	TRUE	NA	NA	NA	NA	NA
MN908947.3	24642	C	T	0	0	0	94	0	93	1	94	8.77217e-56	TRUE	NA	NA	NA	NA	NA
MN908947.3	26149	T	C	1	0	93	92	0	93	0.989247	93	1.6404e-53	TRUE	NA	NA	NA	NA	NA
MN908947.3	28167	G	A	0	0	0	94	0	93	1	94	8.77217e-56	TRUE	NA	NA	NA	NA	NA
MN908947.3	28512	C	G	1	0	93	93	0	93	0.989362	94	8.24584e-54	TRUE	NA	NA	NA	NA	NA
