REGION	POS	REF	ALT	REF_DP	REF_RV	REF_QUAL	ALT_DP	ALT_RV	ALT_QUAL	ALT_FREQ	TOTAL_DP	PVAL	PASS	GFF_FEATURE	REF_CODON	REF_AA	ALT_CODON	ALT_AA
MN908947.3	241	C	T	1	0	93	2136	0	93	0.999532	2137	0	TRUE	NA	NA	NA	NA	NA
MN908947.3	1059	C	T	1	0	93	2148	0	93	0.999535	2149	0	TRUE	cds-QHD43415.1	ACC	T	ATC	I
MN908947.3	2395	C	T	13	0	93	2135	0	93	0.993485	2149	0	TRUE	cds-QHD43415.1	GTC	V	GTT	V
MN908947.3	2597	T	C	9	0	93	2139	0	93	0.995347	2149	0	TRUE	cds-QHD43415.1	TTG	L	CTG	L
MN908947.3	3037	C	T	2	0	93	2147	0	93	0.999069	2149	0	TRUE	cds-QHD43415.1	TTC	F	TTT	F
MN908947.3	8947	C	T	138	0	93	2008	0	93	0.934388	2149	0	TRUE	cds-QHD43415.1	AAC	N	AAT	N
MN908947.3	12100	C	T	141	0	93	2004	0	93	0.932527	2149	0	TRUE	cds-QHD43415.1	GCC	A	GCT	A
MN908947.3	12878	A	G	0	0	0	2149	0	93	1	2149	0	TRUE	cds-QHD43415.1	ATC	I	GTC	V
MN908947.3	14408	C	T	0	0	0	2147	0	93	0.999069	2149	0	TRUE	cds-QHD43415.1	CCT	P	CTT	L
MN908947.3	17014	G	T	7	0	93	2137	0	93	0.994416	2149	0	TRUE	cds-QHD43415.1	GAT	D	TAT	Y
MN908947.3	21600	G	T	11	0	93	2138	0	93	0.994881	2149	0	TRUE	cds-QHD43416.1	AGT	S	ATT	I
MN908947.3	22018	G	T	16	0	93	2124	0	93	0.988367	2149	0	TRUE	cds-QHD43416.1	TGG	W	TGT	C
MN908947.3	22917	T	G	8	0	93	2135	0	93	0.993485	2149	0	TRUE	cds-QHD43416.1	CTG	L	CGG	R
MN908947.3	23403	A	G	0	0	0	2148	0	93	1	2148	0	TRUE	cds-QHD43416.1	GAT	D	GGT	G
MN908947.3	24349	T	C	13	0	93	2134	0	93	0.99302	2149	0	TRUE	cds-QHD43416.1	AGT	S	AGC	S
MN908947.3	25563	G	T	1	0	93	2147	0	93	0.999069	2149	0	TRUE	cds-QHD43417.1	CAG	Q	CAT	H
MN908947.3	26681	C	T	12	0	93	2137	0	93	0.994416	2149	0	TRUE	cds-QHD43419.1	TTC	F	TTT	F
MN908947.3	27890	G	T	13	0	93	2133	0	93	0.992555	2149	0	TRUE	NA	NA	NA	NA	NA
MN908947.3	28191	G	T	1580	0	93	569	0	93	0.264774	2149	6.64921e-191	TRUE	cds-QHD43422.1	GTG	V	TTG	L
MN908947.3	28272	A	T	5	0	93	2141	0	93	0.996277	2149	0	TRUE	NA	NA	NA	NA	NA
MN908947.3	28887	C	T	9	0	93	2138	0	93	0.994881	2149	0	TRUE	cds-QHD43423.2	ACT	T	ATT	I
MN908947.3	28975	G	T	1516	0	93	633	0	93	0.294556	2149	4.99488e-215	TRUE	cds-QHD43423.2	ATG	M	ATT	I
MN908947.3	29362	C	T	85	0	93	1836	0	93	0.854351	2149	0	TRUE	cds-QHD43423.2	TTC	F	TTT	F
MN908947.3	29867	T	N	472	0	93	162	0	93	0.255118	635	1.24824e-54	TRUE	NA	NA	NA	NA	NA
MN908947.3	29868	G	N	472	0	93	158	0	93	0.250794	630	3.9168e-53	TRUE	NA	NA	NA	NA	NA
