REGION	POS	REF	ALT	REF_DP	REF_RV	REF_QUAL	ALT_DP	ALT_RV	ALT_QUAL	ALT_FREQ	TOTAL_DP	PVAL	PASS	GFF_FEATURE	REF_CODON	REF_AA	ALT_CODON	ALT_AA
MN908947.3	174	G	T	6	0	93	608	0	93	0.990228	614	0	TRUE	NA	NA	NA	NA	NA
MN908947.3	241	C	T	0	0	0	614	0	93	1	614	0	TRUE	NA	NA	NA	NA	NA
MN908947.3	1059	C	T	0	0	0	615	0	93	0.996759	617	0	TRUE	cds-QHD43415.1	ACC	T	ATC	I
MN908947.3	2692	A	T	190	0	93	427	0	93	0.692058	617	1.4278e-180	TRUE	cds-QHD43415.1	ACA	T	ACT	T
MN908947.3	3037	C	T	0	0	0	617	0	93	1	617	0	TRUE	cds-QHD43415.1	TTC	F	TTT	F
MN908947.3	5230	G	T	2	0	93	615	0	93	0.996759	617	0	TRUE	cds-QHD43415.1	AAG	K	AAT	N
MN908947.3	10323	A	G	1	0	93	614	0	93	0.995138	617	0	TRUE	cds-QHD43415.1	AAG	K	AGG	R
MN908947.3	11287	G	-TCTGGTTTT	617	0	93	598	0	20	0.969206	617	2.50887e-125	TRUE	NA	NA	NA	NA	NA
MN908947.3	11296	T	G	8	0	93	11	0	93	0.578947	19	4.86282e-19	TRUE	cds-QHD43415.1	TTT	F	TTG	L
MN908947.3	14408	C	T	0	0	0	603	0	93	0.97731	617	0	TRUE	cds-QHD43415.1	CCT	P	CTT	L
MN908947.3	21614	C	T	349	0	93	267	0	93	0.432739	617	2.76955e-97	TRUE	cds-QHD43416.1	CTT	L	TTT	F
MN908947.3	21801	A	C	1	0	93	616	0	93	0.998379	617	0	TRUE	cds-QHD43416.1	GAT	D	GCT	A
MN908947.3	22206	A	G	25	0	93	592	0	93	0.959481	617	0	TRUE	cds-QHD43416.1	GAT	D	GGT	G
MN908947.3	22280	A	-CTTTACTTG	617	0	93	594	0	20	0.962723	617	1.24535e-124	TRUE	NA	NA	NA	NA	NA
MN908947.3	22813	G	T	3	0	93	586	0	93	0.949757	617	0	TRUE	cds-QHD43416.1	AAG	K	AAT	N
MN908947.3	23012	G	A	6	0	93	608	0	93	0.985413	617	0	TRUE	cds-QHD43416.1	GAA	E	AAA	K
MN908947.3	23063	A	T	0	0	0	611	0	93	0.990276	617	0	TRUE	cds-QHD43416.1	AAT	N	TAT	Y
MN908947.3	23403	A	G	0	0	0	617	0	93	1	617	0	TRUE	cds-QHD43416.1	GAT	D	GGT	G
MN908947.3	23664	C	T	1	0	93	615	0	93	0.996759	617	0	TRUE	cds-QHD43416.1	GCA	A	GTA	V
MN908947.3	25563	G	T	2	0	93	611	0	93	0.990276	617	0	TRUE	cds-QHD43417.1	CAG	Q	CAT	H
MN908947.3	25904	C	T	16	0	93	586	0	93	0.949757	617	0	TRUE	cds-QHD43417.1	TCA	S	TTA	L
MN908947.3	26456	C	T	1	0	93	616	0	93	0.998379	617	0	TRUE	cds-QHD43418.1	CCT	P	CTT	L
MN908947.3	28253	C	T	19	0	93	597	0	93	0.967585	617	0	TRUE	cds-QHD43422.1	TTC	F	TTT	F
MN908947.3	28254	A	C	439	0	93	164	0	93	0.268852	610	1.65873e-56	TRUE	cds-QHD43422.1	ATC	I	CTC	L
MN908947.3	28887	C	T	0	0	0	617	0	93	1	617	0	TRUE	cds-QHD43423.2	ACT	T	ATT	I
MN908947.3	29867	T	N	96	0	93	46	0	93	0.319444	144	1.51324e-16	TRUE	NA	NA	NA	NA	NA
MN908947.3	29868	G	N	99	0	93	43	0	93	0.302817	142	3.12355e-15	TRUE	NA	NA	NA	NA	NA
