REGION	POS	REF	ALT	REF_DP	REF_RV	REF_QUAL	ALT_DP	ALT_RV	ALT_QUAL	ALT_FREQ	TOTAL_DP	PVAL	PASS	GFF_FEATURE	REF_CODON	REF_AA	ALT_CODON	ALT_AA
MN908947.3	241	C	T	1	0	93	686	0	93	0.998544	687	0	TRUE	NA	NA	NA	NA	NA
MN908947.3	1059	C	T	0	0	0	690	0	93	1	690	0	TRUE	cds-QHD43415.1	ACC	T	ATC	I
MN908947.3	3037	C	T	0	0	0	690	0	93	1	690	0	TRUE	cds-QHD43415.1	TTC	F	TTT	F
MN908947.3	3817	C	T	471	0	93	219	0	93	0.317391	690	1.48085e-75	TRUE	cds-QHD43415.1	GAC	D	GAT	D
MN908947.3	9738	G	C	1	0	93	687	0	93	0.995652	690	0	TRUE	cds-QHD43415.1	AGT	S	ACT	T
MN908947.3	13713	G	A	1	0	93	689	0	93	0.998551	690	0	TRUE	cds-QHD43415.1	AAG	K	AAA	K
MN908947.3	14408	C	T	0	0	0	690	0	93	1	690	0	TRUE	cds-QHD43415.1	CCT	P	CTT	L
MN908947.3	16394	C	T	4	0	93	686	0	93	0.994203	690	0	TRUE	cds-QHD43415.1	CCA	P	CTA	L
MN908947.3	17014	G	T	2	0	93	688	0	93	0.997101	690	0	TRUE	cds-QHD43415.1	GAT	D	TAT	Y
MN908947.3	21600	G	T	3	0	93	686	0	93	0.994203	690	0	TRUE	cds-QHD43416.1	AGT	S	ATT	I
MN908947.3	22018	G	T	8	0	93	679	0	93	0.984058	690	0	TRUE	cds-QHD43416.1	TGG	W	TGT	C
MN908947.3	22335	G	T	502	0	93	174	0	93	0.252174	690	1.90781e-59	TRUE	cds-QHD43416.1	TGG	W	TTG	L
MN908947.3	22597	C	T	468	0	93	222	0	93	0.321739	690	9.87536e-77	TRUE	cds-QHD43416.1	ACC	T	ACT	T
MN908947.3	22917	T	G	1	0	93	689	0	93	0.998551	690	0	TRUE	cds-QHD43416.1	CTG	L	CGG	R
MN908947.3	23403	A	G	0	0	0	690	0	93	1	690	0	TRUE	cds-QHD43416.1	GAT	D	GGT	G
MN908947.3	25563	G	T	0	0	0	690	0	93	1	690	0	TRUE	cds-QHD43417.1	CAG	Q	CAT	H
MN908947.3	26681	C	T	2	0	93	688	0	93	0.997101	690	0	TRUE	cds-QHD43419.1	TTC	F	TTT	F
MN908947.3	28087	C	T	472	0	93	217	0	93	0.314493	690	7.27975e-75	TRUE	cds-QHD43422.1	GCT	A	GTT	V
MN908947.3	28272	A	T	1	0	93	688	0	93	0.997101	690	0	TRUE	NA	NA	NA	NA	NA
MN908947.3	28887	C	T	0	0	0	690	0	93	1	690	0	TRUE	cds-QHD43423.2	ACT	T	ATT	I
MN908947.3	29362	C	T	40	0	93	555	0	93	0.804348	690	0	TRUE	cds-QHD43423.2	TTC	F	TTT	F
